{
  "name": "AFNetworking",
  "version": "3.1.0",
  "license": "MIT",
  "summary": "A delightful iOS and OS X networking framework.",
  "homepage": "https://github.com/AFNetworking/AFNetworking",
  "social_media_url": "https://twitter.com/AFNetworking",
  "authors": {
    "Mattt Thompson": "m@mattt.me"
  },
  "source": {
    "http": "https://github.com/AFNetworking/AFNetworking.git",
  },
  "requires_arc": true,
  "public_header_files": "AFNetworking/*.h",
  "source_files": "AFNetworking/*.h",
  "vendored_libraries": "AFNetworking/libAFNetworking.a", 
  "prefix_header_contents": "#ifndef TARGET_OS_IOS\n  #define TARGET_OS_IOS TARGET_OS_IPHONE\n#endif\n\n#ifndef TARGET_OS_WATCH\n  #define TARGET_OS_WATCH 0\n#endif\n\n#ifndef TARGET_OS_TV\n  #define TARGET_OS_TV 0\n#endif",
  "platforms": {
    "ios": "7.0",
    "osx": "10.9",
    "watchos": "2.0",
    "tvos": "9.0"
  },
  "subspecs": [
    {
      "name": "Serialization",
      "source_files": "AFNetworking/AFURL{Request,Response}Serialization.{h,m}",
      "public_header_files": "AFNetworking/AFURL{Request,Response}Serialization.h",
      "watchos": {
        "frameworks": [
          "MobileCoreServices",
          "CoreGraphics"
        ]
      },
      "ios": {
        "frameworks": [
          "MobileCoreServices",
          "CoreGraphics"
        ]
      },
      "osx": {
        "frameworks": "CoreServices"
      }
    },
    {
      "name": "Security",
      "source_files": "AFNetworking/AFSecurityPolicy.{h,m}",
      "public_header_files": "AFNetworking/AFSecurityPolicy.h",
      "frameworks": "Security"
    },
    {
      "name": "Reachability",
      "platforms": {
        "ios": "7.0",
        "osx": "10.9",
        "tvos": "9.0"
      },
      "source_files": "AFNetworking/AFNetworkReachabilityManager.{h,m}",
      "public_header_files": "AFNetworking/AFNetworkReachabilityManager.h",
      "frameworks": "SystemConfiguration"
    },
    {
      "name": "NSURLSession",
      "dependencies": {
        "AFNetworking/Serialization": [

        ],
        "AFNetworking/Security": [

        ]
      },
      "ios": {
        "dependencies": {
          "AFNetworking/Reachability": [

          ]
        }
      },
      "osx": {
        "dependencies": {
          "AFNetworking/Reachability": [

          ]
        }
      },
      "tvos": {
        "dependencies": {
          "AFNetworking/Reachability": [

          ]
        }
      },
      "source_files": "AFNetworking/AF{URL,HTTP}SessionManager.{h,m}",
      "public_header_files": "AFNetworking/AF{URL,HTTP}SessionManager.h"
    },
    {
      "name": "UIKit",
      "platforms": {
        "ios": "7.0",
        "tvos": "9.0"
      },
      "dependencies": {
        "AFNetworking/NSURLSession": [

        ]
      },
      "public_header_files": "UIKit+AFNetworking/*.h",
      "source_files": "UIKit+AFNetworking"
    }
  ]
}
